Period,UF,Sum,Count
202411,AC,48284885.16,34193
202411,AL,188384442.24,133405
202411,AP,51807103.40,36687
202411,AM,210657986.27,149178
202411,BA,824171065.79,583637
202411,CE,561880711.38,397896
202411,DF,108026739.67,76496
202411,ES,151570109.36,107331
202411,GO,301725224.86,213668
202411,MA,299739431.74,212260
202411,MT,159170890.23,112718
202411,MS,161429218.02,114318
202411,MG,833205549.95,590039
202411,PA,431206209.71,305359
202411,PB,229972160.39,162854
202411,PR,385026888.08,272661
202411,PE,573817556.14,406349
202411,PI,147085025.44,104157
202411,RJ,728263998.52,515716
202411,RN,168833782.92,119558
202411,RS,371636214.92,263183
202411,RO,81835065.75,57952
202411,RR,36529399.41,25868
202411,SC,150990014.35,106923
202411,SP,1427356577.91,1010782
202411,SE,120476390.35,85315
202411,TO,73522888.58,52066
202411,Others,0.00,0
202411,Total,8826605530.52,6250569
202410,AC,47711955.97,33789
202410,AL,187467427.48,132762
202410,AP,51625005.20,36560
202410,AM,209488291.91,148357
202410,BA,822128368.04,582226
202410,CE,558105571.38,395243
202410,DF,107346503.61,76020
202410,ES,151107174.38,107012
202410,GO,300082733.61,212517
202410,MA,298814674.17,211618
202410,MT,158708981.18,112397
202410,MS,161165007.64,114136
202410,MG,832079475.79,589274
202410,PA,430267066.90,304710
202410,PB,228661462.92,161934
202410,PR,384301403.54,272161
202410,PE,571667722.38,404850
202410,PI,146475693.74,103732
202410,RJ,726478717.34,514485
202410,RN,168256136.62,119155
202410,RS,372783902.76,264004
202410,RO,81353454.97,57614
202410,RR,36195387.12,25633
202410,SC,150693722.02,106719
202410,SP,1423046063.19,1007791
202410,SE,120063393.71,85027
202410,TO,73232357.53,51863
202410,Others,255581.82,181
202410,Total,8799563236.93,6231770
202409,AC,46842090.77,33173
202409,AL,186011483.91,131731
202409,AP,50914643.11,36057
202409,AM,206690846.42,146376
202409,BA,815310545.54,577398
202409,CE,552826781.75,391505
202409,DF,105840265.80,74953
202409,ES,149563631.48,105919
202409,GO,296623250.08,210067
202409,MA,295603403.19,209344
202409,MT,157126037.07,111276
202409,MS,159750111.63,113134
202409,MG,826825630.67,585553
202409,PA,425438972.42,301291
202409,PB,226073058.16,160101
202409,PR,381633726.11,270272
202409,PE,566071499.25,400887
202409,PI,144545283.13,102365
202409,RJ,720757902.84,510434
202409,RN,166685631.93,118043
202409,RS,370009167.40,262039
202409,RO,80321108.38,56883
202409,RR,35465295.86,25116
202409,SC,149254656.05,105700
202409,SP,1415521320.60,1002462
202409,SE,118738903.76,84089
202409,TO,72527679.15,51364
202409,Others,276773.87,196
202409,Total,8723249700.34,6177728
202408,AC,46362007.93,32833
202408,AL,183819345.13,130179
202408,AP,50481084.39,35750
202408,AM,204383340.14,144742
202408,BA,808702753.12,572719
202408,CE,547722893.72,387891
202408,DF,104733128.20,74169
202408,ES,147847660.39,104704
202408,GO,293869584.14,208117
202408,MA,292558769.24,207188
202408,MT,155888850.13,110400
202408,MS,158717739.72,112403
202408,MG,820346128.40,580965
202408,PA,421453700.26,298469
202408,PB,223745590.22,158453
202408,PR,378502974.57,268055
202408,PE,561110434.17,397374
202408,PI,142990419.19,101264
202408,RJ,712299087.29,504444
202408,RN,165120754.45,116935
202408,RS,367008543.66,259914
202408,RO,79476620.94,56285
202408,RR,34500785.92,24433
202408,SC,147828340.34,104690
202408,SP,1401160712.68,992293
202408,SE,117613226.64,83292
202408,TO,71776347.77,50832
202408,Others,50833.77,36
202408,Total,8640071656.53,6118829
202407,AC,46031770.84,32599
202407,AL,183275484.93,129794
202407,AP,50178881.28,35536
202407,AM,203115020.10,143844
202407,BA,803086495.02,568742
202407,CE,543956131.58,385224
202407,DF,104152608.98,73758
202407,ES,146539859.82,103778
202407,GO,292429064.84,207097
202407,MA,289323479.87,204897
202407,MT,155453794.74,110092
202407,MS,158191532.63,112030
202407,MG,816501467.52,578243
202407,PA,419136104.67,296828
202407,PB,221794941.66,157072
202407,PR,376875834.53,266903
202407,PE,556874858.51,394375
202407,PI,141626129.60,100298
202407,RJ,706651648.01,500445
202407,RN,164018960.91,116155
202407,RS,365096485.51,258560
202407,RO,78979502.62,55933
202407,RR,33808810.32,23943
202407,SC,146766276.29,103938
202407,SP,1393809366.51,987088
202407,SE,116899693.06,82787
202407,TO,71578621.80,50692
202407,Others,1138211.48,806
202407,Total,8587291037.63,6081457
202406,AC,45519373.28,32236
202406,AL,182425165.88,129192
202406,AP,49674721.49,35179
202406,AM,200667843.74,142111
202406,BA,797653858.47,564895
202406,CE,538074065.14,381059
202406,DF,103004803.23,72945
202406,ES,144944123.03,102648
202406,GO,288980360.97,204655
202406,MA,287805313.99,203822
202406,MT,147608547.43,104536
202406,MS,148221172.04,104969
202406,MG,817969114.82,579283
202406,PA,414128623.31,293282
202406,PB,219271462.40,155285
202406,PR,374343852.09,265110
202406,PE,552203745.80,391067
202406,PI,140219391.52,99302
202406,RJ,699024584.09,495044
202406,RN,160987257.11,114008
202406,RS,361762404.24,256199
202406,RO,78101176.38,55311
202406,RR,33122540.66,23457
202406,SC,145294813.28,102896
202406,SP,1390672074.44,984867
202406,SE,115837658.02,82035
202406,TO,70958692.01,50253
202406,Others,0.00,0
202406,Total,8508476738.86,6025646
202405,AC,44934694.39,31822
202405,AL,180913983.27,128122
202405,AP,49044909.61,34733
202405,AM,197668513.01,139987
202405,BA,788886935.90,558687
202405,CE,530273519.02,375535
202405,DF,102036051.73,72259
202405,ES,142945912.19,101233
202405,GO,284622724.25,201569
202405,MA,284554491.35,201520
202405,MT,144603615.85,102408
202405,MS,146166327.26,103514
202405,MG,810422503.93,573939
202405,PA,408242821.93,289114
202405,PB,215768011.90,152804
202405,PR,370408360.14,262323
202405,PE,546240193.43,386844
202405,PI,138272077.01,97923
202405,RJ,689996865.21,488651
202405,RN,158751782.93,112425
202405,RS,358921393.95,254187
202405,RO,76988396.11,54523
202405,RR,32207478.12,22809
202405,SC,143773938.17,101819
202405,SP,1380231766.95,977474
202405,SE,114308362.28,80952
202405,TO,70067633.53,49622
202405,Others,0.00,0
202405,Total,8411253263.42,5956798
202404,AC,44515264.78,31525
202404,AL,179510244.25,127128
202404,AP,48631148.29,34440
202404,AM,195291739.27,138304
202404,BA,781657772.61,553568
202404,CE,522091191.67,369741
202404,DF,100431697.22,71123
202404,ES,141328864.86,100088
202404,GO,281514497.59,199368
202404,MA,281309318.74,199222
202404,MT,143702576.89,101770
202404,MS,144989359.26,102681
202404,MG,804173422.46,569514
202404,PA,404407082.68,286398
202404,PB,212154231.24,150245
202404,PR,368000329.28,260618
202404,PE,540349812.06,382673
202404,PI,136139658.96,96413
202404,RJ,681773331.55,482828
202404,RN,156793013.73,111038
202404,RS,355700144.24,251906
202404,RO,76407863.10,54112
202404,RR,31615784.65,22390
202404,SC,142261369.89,100748
202404,SP,1366656983.46,967862
202404,SE,112802943.66,79886
202404,TO,69501332.47,49221
202404,Others,0.00,0
202404,Total,8323710978.86,5894810
202403,AC,44032281.69,31183
202403,AL,178589462.88,126476
202403,AP,48183493.13,34123
202403,AM,192744357.27,136500
202403,BA,776154331.63,549671
202403,CE,517135683.26,366232
202403,DF,99156496.47,70220
202403,ES,139591899.57,98858
202403,GO,278499513.02,197233
202403,MA,279330836.15,197821
202403,MT,142379424.63,100833
202403,MS,143749483.35,101803
202403,MG,798095360.79,565210
202403,PA,400501062.91,283632
202403,PB,210263329.17,148906
202403,PR,364589941.02,258203
202403,PE,536701982.48,380090
202403,PI,134668099.02,95371
202403,RJ,674592473.39,477743
202403,RN,155327082.59,110000
202403,RS,352467935.01,249617
202403,RO,75624101.36,53557
202403,RR,30638624.64,21698
202403,SC,140497547.88,99499
202403,SP,1354246717.43,959074
202403,SE,111306032.41,78826
202403,TO,68853180.28,48762
202403,Others,0.00,0
202403,Total,8247920733.43,5841141
202402,AC,41953616.24,29711
202402,AL,192996241.79,136679
202402,AP,47978648.67,33978
202402,AM,190658101.09,135023
202402,BA,773556173.48,547832
202402,CE,510719655.56,361689
202402,DF,98015393.85,69412
202402,ES,135986688.78,96305
202402,GO,277344031.33,196415
202402,MA,280707129.50,198796
202402,MT,142860735.82,101174
202402,MS,143236726.52,101440
202402,MG,792523817.86,561265
202402,PA,397756593.36,281689
202402,PB,208490059.74,147651
202402,PR,364258674.98,257969
202402,PE,531146014.27,376156
202402,PI,129591402.05,91776
202402,RJ,672793668.55,476470
202402,RN,153366781.66,108612
202402,RS,345818124.60,244908
202402,RO,75207427.19,53262
202402,RR,30096289.20,21314
202402,SC,121636576.62,86142
202402,SP,1341667370.72,950167
202402,SE,110495224.51,78252
202402,TO,68348999.47,48405
202402,Others,1412.00,1
202402,Total,8179211579.40,5792493
202401,AC,43026755.73,30471
202401,AL,175740851.50,124459
202401,AP,47505535.32,33643
202401,AM,187600737.57,132858
202401,BA,764734331.52,541585
202401,CE,504436540.35,357240
202401,DF,97087471.79,68755
202401,ES,135839512.02,96201
202401,GO,273048218.56,193373
202401,MA,275606444.29,195184
202401,MT,139989903.10,99141
202401,MS,141875365.11,100476
202401,MG,785462407.96,556265
202401,PA,393326326.53,278552
202401,PB,206412353.34,146180
202401,PR,357758512.18,253366
202401,PE,527661693.82,373689
202401,PI,132019914.77,93496
202401,RJ,661378196.42,468386
202401,RN,152156308.75,107755
202401,RS,346316777.24,245262
202401,RO,74045181.25,52439
202401,RR,28989184.19,20530
202401,SC,137223596.66,97181
202401,SP,1329791011.13,941758
202401,SE,108430611.56,76790
202401,TO,67608845.76,47881
202401,Others,18531573.35,13124
202401,Total,8113604161.76,5746040
202312,AC,39074834.91,29601
202312,AL,161198794.82,122117
202312,AP,43442616.67,32910
202312,AM,170338590.55,129041
202312,BA,700009890.10,530299
202312,CE,458920877.07,347658
202312,DF,87506303.85,66289
202312,ES,123399471.98,93482
202312,GO,247911476.56,187808
202312,MA,252867962.24,191562
202312,MT,128678786.03,97482
202312,MS,130641853.85,98969
202312,MG,717993580.97,543924
202312,PA,358668414.98,271711
202312,PB,188387063.76,142713
202312,PR,328038620.22,248510
202312,PE,483429079.87,366226
202312,PI,120609028.50,91368
202312,RJ,596499567.48,451882
202312,RN,138646646.81,105031
202312,RS,315506607.08,239017
202312,RO,67882174.48,51425
202312,RR,25579715.54,19378
202312,SC,124658916.63,94436
202312,SP,1215560618.80,920860
202312,SE,98424772.41,74562
202312,TO,61776787.17,46800
202312,Others,0.00,0
202312,Total,7385653053.32,5595061
202311,AC,39439562.19,29876
202311,AL,162716595.91,123260
202311,AP,43772886.86,33158
202311,AM,172051940.15,130332
202311,BA,705200505.30,534193
202311,CE,462884586.50,350640
202311,DF,88603289.12,67113
202311,ES,124815012.86,94545
202311,GO,250219386.97,189542
202311,MA,254506001.29,192789
202311,MT,129569613.31,98150
202311,MS,131262139.11,99433
202311,MG,723704412.36,548213
202311,PA,361532431.97,273863
202311,PB,190082182.59,143989
202311,PR,330390484.86,250276
202311,PE,487350735.56,369173
202311,PI,121478340.14,92020
202311,RJ,603497476.17,457148
202311,RN,139976243.47,106032
202311,RS,318023147.61,240914
202311,RO,68402727.97,51816
202311,RR,26002374.55,19697
202311,SC,125943337.32,95403
202311,SP,1225092026.84,928014
202311,SE,99241417.47,75176
202311,TO,62270438.76,47171
202311,Others,0.00,0
202311,Total,7448029297.19,5641936
202310,AC,39074834.91,29601
202310,AL,161198794.82,122117
202310,AP,43442616.67,32910
202310,AM,170338590.55,129041
202310,BA,700007250.10,530297
202310,CE,458920877.07,347658
202310,DF,87506303.85,66289
202310,ES,123399471.98,93482
202310,GO,247911476.56,187808
202310,MA,252866642.24,191561
202310,MT,128678786.03,97482
202310,MS,130641853.85,98969
202310,MG,717992260.97,543923
202310,PA,358668414.98,271711
202310,PB,188387063.76,142713
202310,PR,328035980.22,248508
202310,PE,483429079.87,366226
202310,PI,120609028.50,91368
202310,RJ,596496927.48,451880
202310,RN,138646646.81,105031
202310,RS,315506607.08,239017
202310,RO,67882174.48,51425
202310,RR,25579715.54,19378
202310,SC,124658916.63,94436
202310,SP,1215560618.80,920860
202310,SE,98424772.41,74562
202310,TO,61776787.17,46800
202310,Others,0.00,0
202310,Total,7385642493.32,5595053
202309,AC,38417445.52,29103
202309,AL,159326805.92,120699
202309,AP,42621449.67,32288
202309,AM,167563722.42,126939
202309,BA,689581364.81,522399
202309,CE,452114128.26,342502
202309,DF,85741387.99,64952
202309,ES,120907084.93,91594
202309,GO,243151228.31,184202
202309,MA,250066877.71,189440
202309,MT,126820141.44,96074
202309,MS,128862423.09,97622
202309,MG,705920011.81,534778
202309,PA,352063845.72,266708
202309,PB,185658442.70,140646
202309,PR,323421046.99,245012
202309,PE,477017308.10,361369
202309,PI,118652681.17,89886
202309,RJ,584011586.06,442422
202309,RN,136543613.53,103438
202309,RS,310209172.26,235004
202309,RO,66873622.46,50661
202309,RR,24689999.29,18704
202309,SC,122236691.23,92601
202309,SP,1195274559.75,905493
202309,SE,96772001.32,73310
202309,TO,60864623.31,46109
202309,Others,0.00,0
202309,Total,7265383265.76,5503955
202308,AC,37954138.93,28752
202308,AL,158082083.80,119756
202308,AP,41911282.18,31750
202308,AM,165138676.68,125102
202308,BA,684850638.53,518815
202308,CE,447780630.23,339219
202308,DF,83906609.76,63562
202308,ES,119827358.12,90776
202308,GO,239233339.89,181234
202308,MA,248434031.74,188203
202308,MT,125080637.74,94756
202308,MS,127063303.78,96259
202308,MG,703017415.76,532579
202308,PA,347190622.46,263016
202308,PB,183658561.18,139131
202308,PR,322846903.53,244577
202308,PE,473174902.40,358458
202308,PI,117438292.51,88966
202308,RJ,570669254.61,432314
202308,RN,135173483.30,102400
202308,RS,310081155.25,234907
202308,RO,65883632.38,49911
202308,RR,23917826.22,18119
202308,SC,121652091.21,92158
202308,SP,1188516382.54,900373
202308,SE,95863847.85,72622
202308,TO,60073935.46,45510
202308,Others,0.00,0
202308,Total,7198421038.03,5453225
202307,AC,37461826.35,28379
202307,AL,157292485.57,119158
202307,AP,41312017.94,31296
202307,AM,163689395.36,124004
202307,BA,678415879.14,513940
202307,CE,443455336.33,335942
202307,DF,82581522.20,62558
202307,ES,117861930.45,89287
202307,GO,236788807.10,179382
202307,MA,247326638.57,187364
202307,MT,124130294.10,94036
202307,MS,126083930.51,95517
202307,MG,696723808.18,527811
202307,PA,343595136.65,260292
202307,PB,181994098.03,137870
202307,PR,320253428.14,242612
202307,PE,468885021.24,355208
202307,PI,116435108.97,88206
202307,RJ,558270808.24,422921
202307,RN,133656844.02,101251
202307,RS,307499192.06,232951
202307,RO,65238172.90,49422
202307,RR,23263121.08,17623
202307,SC,120334757.10,91160
202307,SP,1175439509.59,890466
202307,SE,95215759.23,72131
202307,TO,59462782.01,45047
202307,Others,3960.00,3
202307,Total,7122671571.05,5395837
202306,AC,37079032.56,28089
202306,AL,156277455.40,118389
202306,AP,40621677.32,30773
202306,AM,161144447.24,122076
202306,BA,672547296.49,509494
202306,CE,437915337.30,331745
202306,DF,81186311.95,61501
202306,ES,115804078.06,87728
202306,GO,233494173.24,176886
202306,MA,245613337.37,186066
202306,MT,122633451.24,92902
202306,MS,124909154.54,94626
202306,MG,688135973.91,521305
202306,PA,338354906.81,256322
202306,PB,180033937.04,136385
202306,PR,316515250.67,239780
202306,PE,464406215.05,351815
202306,PI,115194335.09,87266
202306,RJ,548811960.72,415755
202306,RN,132093996.54,100067
202306,RS,303162932.94,229666
202306,RO,64236321.90,48663
202306,RR,22522609.65,17062
202306,SC,118390352.40,89687
202306,SP,1161777424.23,880116
202306,SE,94423805.89,71531
202306,TO,58405477.03,44246
202306,Others,0.00,0
202306,Total,7035691252.57,5329941
202305,AC,36845410.86,27912
202305,AL,155515953.25,117813
202305,AP,40253434.43,30494
202305,AM,159724242.38,121000
202305,BA,667992206.65,506043
202305,CE,434211581.53,328939
202305,DF,80583126.89,61044
202305,ES,114704578.11,86895
202305,GO,232043588.97,175787
202305,MA,244240633.17,185026
202305,MT,121903451.62,92349
202305,MS,124044623.18,93971
202305,MG,683974139.08,518152
202305,PA,335539685.50,254189
202305,PB,178682309.12,135361
202305,PR,314442960.60,238210
202305,PE,461480122.43,349598
202305,PI,114237367.38,86541
202305,RJ,544553750.23,412529
202305,RN,131052608.69,99278
202305,RS,300996918.78,228025
202305,RO,63573722.92,48161
202305,RR,22060621.76,16712
202305,SC,117264433.36,88834
202305,SP,1150193741.28,871341
202305,SE,93898459.82,71133
202305,TO,57870905.21,43841
202305,Others,0.00,0
202305,Total,6981884577.19,5289178
202304,AC,36191438.09,27795
202304,AL,153068555.88,117561
202304,AP,39442866.42,30293
202304,AM,156502115.96,120198
202304,BA,655150990.34,503177
202304,CE,425147544.73,326525
202304,DF,78880247.44,60580
202304,ES,112299476.39,86249
202304,GO,227284600.91,174562
202304,MA,240789161.96,184933
202304,MT,119775109.65,91991
202304,MS,121603269.02,93395
202304,MG,670856828.41,515241
202304,PA,329247142.99,252870
202304,PB,175042832.28,134437
202304,PR,307443323.47,236127
202304,PE,452613571.49,347621
202304,PI,112027365.43,86040
202304,RJ,533470058.37,409719
202304,RN,128261796.34,98507
202304,RS,293988313.95,225794
202304,RO,62355331.56,47891
202304,RR,21353615.97,16400
202304,SC,114485907.58,87928
202304,SP,1125405408.61,864347
202304,SE,92262658.91,70860
202304,TO,56761487.46,43595
202304,Others,0.00,0
202304,Total,6841711019.60,5254636
202303,AC,35970109.87,27625
202303,AL,152094747.90,116813
202303,AP,38922088.27,29893
202303,AM,154879963.46,118952
202303,BA,649499134.59,498835
202303,CE,420396785.47,322876
202303,DF,77932416.00,59852
202303,ES,110967603.36,85226
202303,GO,225145537.86,172919
202303,MA,239489904.79,183935
202303,MT,118746618.36,91201
202303,MS,120604710.26,92628
202303,MG,665246601.71,510932
202303,PA,325451999.46,249955
202303,PB,173393332.50,133170
202303,PR,304766513.70,234071
202303,PE,448481253.66,344447
202303,PI,111041701.05,85283
202303,RJ,530618911.49,407529
202303,RN,126773646.60,97364
202303,RS,291146175.64,223611
202303,RO,61946495.25,47577
202303,RR,20874499.11,16032
202303,SC,113278843.41,87001
202303,SP,1112576986.23,854494
202303,SE,91572674.09,70330
202303,TO,56283704.42,43228
202303,Others,0.00,0
202303,Total,6778102958.50,5205779
202302,AC,35794312.43,27490
202302,AL,151659546.96,116479
202302,AP,38742345.64,29755
202302,AM,154121855.67,118370
202302,BA,646664792.08,496659
202302,CE,417792181.28,320876
202302,DF,77455723.74,59486
202302,ES,110005116.50,84487
202302,GO,224098225.55,172115
202302,MA,238881232.97,183468
202302,MT,118157917.47,90749
202302,MS,120067919.76,92216
202302,MG,660908633.87,507601
202302,PA,323723437.65,248628
202302,PB,172271908.15,132309
202302,PR,302582767.61,232394
202302,PE,446441551.22,342881
202302,PI,110507690.74,84873
202302,RJ,527485160.99,405123
202302,RN,125919268.07,96708
202302,RS,288580748.21,221641
202302,RO,61670377.97,47365
202302,RR,20640056.54,15852
202302,SC,112164036.62,86145
202302,SP,1104195434.75,848058
202302,SE,91030852.36,69914
202302,TO,55915155.87,42945
202302,Others,0.00,0
202302,Total,6737478250.67,5174587
202301,AC,35796851.73,27492
202301,AL,151343984.00,116237
202301,AP,38644497.17,29680
202301,AM,153689105.27,118038
202301,BA,644289530.85,494836
202301,CE,415459909.06,319086
202301,DF,77284856.68,59355
202301,ES,109684394.34,84241
202301,GO,223628911.96,171755
202301,MA,238161784.88,182916
202301,MT,117994879.53,90624
202301,MS,119794053.31,92006
202301,MG,659580071.17,506582
202301,PA,322985259.44,248062
202301,PB,171594238.19,131789
202301,PR,301078283.62,231239
202301,PE,444325561.71,341257
202301,PI,110152987.11,84601
202301,RJ,525759413.86,403799
202301,RN,125391421.71,96303
202301,RS,287230605.55,220605
202301,RO,61543940.83,47268
202301,RR,20552717.62,15785
202301,SC,111584283.32,85700
202301,SP,1095418105.10,841319
202301,SE,90770092.64,69714
202301,TO,55847305.95,42893
202301,Others,31249.02,24
202301,Total,6709618295.62,5153206
202212,AC,33107954.88,27315
202212,AL,140490882.80,115914
202212,AP,35689558.49,29446
202212,AM,141821778.41,117012
202212,BA,595941520.77,491692
202212,CE,384119322.49,316923
202212,DF,71324374.79,58845
202212,ES,101252777.80,83540
202212,GO,206811898.95,170634
202212,MA,220552241.43,181970
202212,MT,109257941.14,90145
202212,MS,110784910.24,91405
202212,MG,609959079.89,503259
202212,PA,297958456.10,245834
202212,PB,158669815.19,130912
202212,PR,278546982.94,229821
202212,PE,410912401.13,339030
202212,PI,101507424.25,83750
202212,RJ,484709711.30,399916
202212,RN,115857082.53,95588
202212,RS,265463044.90,219027
202212,RO,56890952.31,46939
202212,RR,18818075.86,15526
202212,SC,103064970.09,85035
202212,SP,1011168003.38,834282
202212,SE,84168347.55,69444
202212,TO,51634141.81,42602
202212,Others,0.00,0
202212,Total,6200483651.42,5115806
202211,AC,32988737.02,27215
202211,AL,140192183.77,115659
202211,AP,35407029.40,29210
202211,AM,140608150.28,116002
202211,BA,592237019.35,488587
202211,CE,381273257.49,314549
202211,DF,70906741.85,58492
202211,ES,100527176.59,82930
202211,GO,205524082.09,169553
202211,MA,219792995.66,181326
202211,MT,108877017.96,89822
202211,MS,110225156.08,90935
202211,MG,606186964.03,500101
202211,PA,295881118.60,244097
202211,PB,157688179.43,130092
202211,PR,276885403.76,228430
202211,PE,408666889.45,337148
202211,PI,100899052.58,83240
202211,RJ,479694488.07,395734
202211,RN,115106365.27,94961
202211,RS,263546339.61,217434
202211,RO,56720577.18,46794
202211,RR,18628455.82,15368
202211,SC,102294402.48,84392
202211,SP,1004709279.02,828872
202211,SE,83846991.00,69173
202211,TO,51356352.45,42369
202211,Others,0.00,0
202211,Total,6160670406.28,5082485
202210,AC,32858200.58,27109
202210,AL,139586123.52,115168
202210,AP,35156042.52,29006
202210,AM,139920727.18,115444
202210,BA,588700036.67,485719
202210,CE,377973272.30,311854
202210,DF,70290117.93,57992
202210,ES,99083933.23,81751
202210,GO,203740118.24,168100
202210,MA,218883502.89,180594
202210,MT,108266196.44,89327
202210,MS,109656169.83,90474
202210,MG,602317321.38,496956
202210,PA,294130768.62,242677
202210,PB,156289795.41,128949
202210,PR,275220345.26,227077
202210,PE,407195387.57,335964
202210,PI,100365177.10,82808
202210,RJ,475446247.00,392275
202210,RN,114187335.26,94211
202210,RS,261575176.68,215820
202210,RO,56454325.88,46579
202210,RR,18403467.94,15184
202210,SC,101437908.12,83693
202210,SP,998618654.50,823932
202210,SE,83292761.36,68722
202210,TO,51135845.04,42191
202210,Others,0.00,0
202210,Total,6120184958.45,5049576
202209,AC,32512755.76,26824
202209,AL,139017489.78,114700
202209,AP,34689356.82,28621
202209,AM,137378939.54,113347
202209,BA,582612440.24,480697
202209,CE,372943695.15,307705
202209,DF,68576629.64,56579
202209,ES,97577226.23,80508
202209,GO,200721481.39,165611
202209,MA,217168150.63,179179
202209,MT,107050174.78,88324
202209,MS,108486427.17,89509
202209,MG,594033441.88,490122
202209,PA,289091742.79,238521
202209,PB,153847299.13,126934
202209,PR,271147919.35,223718
202209,PE,401988943.75,331669
202209,PI,99522556.17,82113
202209,RJ,466749328.29,385101
202209,RN,112593196.55,92896
202209,RS,257298952.57,212293
202209,RO,55873705.51,46100
202209,RR,18045896.21,14889
202209,SC,99769424.79,82317
202209,SP,986146776.85,813644
202209,SE,82398038.83,67984
202209,TO,50643720.29,41785
202209,Others,376933.40,311
202209,Total,6038262643.49,4982001
202208,AC,32091909.00,26476
202208,AL,137767549.00,113668
202208,AP,34211665.00,28227
202208,AM,135263720.00,111602
202208,BA,578029741.00,476917
202208,CE,368395392.00,303954
202208,DF,67183783.00,55430
202208,ES,95851108.00,79084
202208,GO,197862353.00,163251
202208,MA,215681364.00,177953
202208,MT,105592009.00,87122
202208,MS,107149397.00,88406
202208,MG,587175310.00,484464
202208,PA,283290076.00,233734
202208,PB,152264055.00,125628
202208,PR,268803277.00,221783
202208,PE,398347130.00,328665
202208,PI,98890745.00,81592
202208,RJ,460220557.00,379715
202208,RN,111023421.00,91601
202208,RS,254305066.00,209822
202208,RO,55196103.00,45541
202208,RR,17490704.00,14431
202208,SC,98688382.00,81425
202208,SP,979770361.00,808383
202208,SE,81416089.00,67174
202208,TO,49961238.00,41222
202208,Others,0.00,0
202208,Total,5971922504.00,4927270
202207,AC,31338299.57,25855
202207,AL,135816127.74,112058
202207,AP,33383885.56,27544
202207,AM,132106235.46,108997
202207,BA,568082601.54,468711
202207,CE,360709556.67,297612
202207,DF,65220277.70,53810
202207,ES,93748107.09,77349
202207,GO,193237177.75,159435
202207,MA,212987178.07,175730
202207,MT,103069730.51,85040
202207,MS,104547114.61,86259
202207,MG,577840756.24,476762
202207,PA,275576564.08,227370
202207,PB,149571963.66,123407
202207,PR,265932713.93,219415
202207,PE,390936499.43,322551
202207,PI,97276408.33,80260
202207,RJ,450573350.42,371755
202207,RN,108435529.96,89466
202207,RS,250829837.58,206955
202207,RO,54032544.65,44581
202207,RR,16814388.24,13873
202207,SC,97168370.49,80171
202207,SP,964243122.78,795572
202207,SE,80277902.91,66235
202207,TO,48795276.92,40260
202207,Others,0.00,0
202207,Total,5862551521.89,4837033
202206,AC,30729827.25,25353
202206,AL,134355287.81,110853
202206,AP,32726832.89,27002
202206,AM,130239341.33,107457
202206,BA,557333132.89,459843
202206,CE,351482775.98,290000
202206,DF,63774115.09,52617
202206,ES,91575884.46,75557
202206,GO,190381225.90,157079
202206,MA,210635273.36,173790
202206,MT,101584720.43,83815
202206,MS,103041486.39,85017
202206,MG,569115514.85,469564
202206,PA,270597918.99,223263
202206,PB,146216672.87,120639
202206,PR,263991715.46,217814
202206,PE,382371404.51,315485
202206,PI,95378095.04,78694
202206,RJ,433446441.18,357625
202206,RN,105980817.11,87441
202206,RS,248411512.75,204960
202206,RO,53135561.23,43841
202206,RR,16358587.86,13497
202206,SC,96288227.91,79445
202206,SP,942763671.58,777852
202206,SE,78922674.30,65117
202206,TO,48055843.18,39650
202206,Others,1212.00,1
202206,Total,5748895774.60,4743271
202205,AC,30935830.47,25523
202205,AL,136021187.98,112228
202205,AP,32844222.54,27099
202205,AM,130578216.37,107737
202205,BA,557934685.62,460340
202205,CE,352712096.58,291015
202205,DF,65580614.40,54108
202205,ES,92004592.00,75911
202205,GO,191180464.94,157739
202205,MA,214281336.94,176799
202205,MT,101817022.70,84007
202205,MS,103345251.30,85268
202205,MG,569357433.59,469765
202205,PA,272006218.84,224426
202205,PB,147477704.79,121680
202205,PR,265187206.57,218801
202205,PE,381966204.64,315152
202205,PI,96106235.09,79295
202205,RJ,435812924.18,359579
202205,RN,106706502.36,88041
202205,RS,251290699.88,207336
202205,RO,53515927.67,44155
202205,RR,16623905.96,13716
202205,SC,97388758.95,80353
202205,SP,949113732.73,783094
202205,SE,79073833.47,65242
202205,TO,48215681.91,39782
202205,Others,103022.82,85
202205,Total,5779181515.29,4768276
202204,AC,30863057.54,25463
202204,AL,135867884.76,112102
202204,AP,32708315.00,26987
202204,AM,130108774.40,107350
202204,BA,557214090.79,459747
202204,CE,351783583.52,290250
202204,DF,65234920.28,53823
202204,ES,91645509.65,75615
202204,GO,190539891.54,157211
202204,MA,214099957.31,176650
202204,MT,101543971.98,83782
202204,MS,103217616.08,85163
202204,MG,566363329.58,467296
202204,PA,271052380.02,223640
202204,PB,147112210.86,121379
202204,PR,263790286.70,217649
202204,PE,381414544.04,314698
202204,PI,95901021.33,79126
202204,RJ,433580084.09,357738
202204,RN,106378627.44,87771
202204,RS,249748705.56,206064
202204,RO,53392106.83,44053
202204,RR,16571698.68,13673
202204,SC,96846672.19,79906
202204,SP,943829967.58,778737
202204,SE,78828520.74,65040
202204,TO,48168268.23,39743
202204,Others,0.00,0
202204,Total,5757805996.72,4750656
202203,AC,31014566.69,25588
202203,AL,136364733.42,112512
202203,AP,32950693.25,27187
202203,AM,130426266.23,107612
202203,BA,558064585.14,460449
202203,CE,351749402.46,290222
202203,DF,65781771.26,54274
202203,ES,91681804.94,75645
202203,GO,190890043.22,157500
202203,MA,216658377.74,178761
202203,MT,101751151.74,83953
202203,MS,103327825.54,85254
202203,MG,565550978.24,466626
202203,PA,272850831.83,225124
202203,PB,147554490.00,121744
202203,PR,263340499.05,217278
202203,PE,382194851.78,315342
202203,PI,96321528.92,79473
202203,RJ,433757974.93,357885
202203,RN,106508195.82,87878
202203,RS,249664998.06,205995
202203,RO,53621141.81,44242
202203,RR,16605624.94,13701
202203,SC,96670925.71,79761
202203,SP,941030867.10,776428
202203,SE,78869637.53,65074
202203,TO,48317315.96,39866
202203,Others,13332.00,11
202203,Total,5763534415.31,4755385
202202,AC,30817028.40,25425
202202,AL,135909024.73,112136
202202,AP,32662237.17,26949
202202,AM,129620287.78,106947
202202,BA,555624829.71,458436
202202,CE,350190771.72,288936
202202,DF,65677539.96,54188
202202,ES,91376377.82,75393
202202,GO,190308287.20,157020
202202,MA,214459808.89,176947
202202,MT,101370586.68,83639
202202,MS,103139965.73,85099
202202,MG,563451793.11,464894
202202,PA,271053436.26,223641
202202,PB,146960608.35,121254
202202,PR,261876402.71,216070
202202,PE,380700450.89,314109
202202,PI,95747043.57,78999
202202,RJ,431621215.63,356122
202202,RN,106132475.87,87568
202202,RS,247857000.50,204503
202202,RO,53459944.26,44109
202202,RR,16521998.00,13632
202202,SC,95938824.01,79157
202202,SP,935688358.82,772020
202202,SE,78383625.69,64673
202202,TO,48197325.84,39767
202202,Others,0.00,0
202202,Total,5734747249.30,4731633
202201,AC,30848567.67,25451
202201,AL,136238688.61,112408
202201,AP,32657390.91,26945
202201,AM,129787243.46,107085
202201,BA,554930353.67,457863
202201,CE,349846570.11,288652
202201,DF,66117497.04,54551
202201,ES,91668471.50,75634
202201,GO,191201534.97,157757
202201,MA,215113078.70,177486
202201,MT,101642071.43,83863
202201,MS,103272078.29,85208
202201,MG,564205652.44,465516
202201,PA,271018285.14,223612
202201,PB,147495042.91,121695
202201,PR,261978212.13,216154
202201,PE,381360914.40,314654
202201,PI,95990652.61,79200
202201,RJ,433108341.33,357349
202201,RN,106345792.39,87744
202201,RS,248412099.35,204961
202201,RO,53562964.26,44194
202201,RR,16532905.44,13641
202201,SC,95874591.42,79104
202201,SP,935812010.34,772122
202201,SE,78428471.12,64710
202201,TO,48260350.27,39819
202201,Others,3636.00,3
202201,Total,5741713467.91,4737381
202412,AC,47711955.97,33789
202412,AL,187467427.48,132762
202412,AP,51625005.20,36560
202412,AM,209488291.91,148357
202412,BA,822128368.04,582226
202412,CE,558105571.38,395243
202412,DF,107346503.61,76020
202412,ES,151107174.38,107012
202412,GO,300082733.61,212517
202412,MA,298814674.17,211618
202412,MT,158708981.18,112397
202412,MS,161165007.64,114136
202412,MG,832079475.79,589274
202412,PA,430267066.90,304710
202412,PB,228661462.92,161934
202412,PR,384301403.54,272161
202412,PE,571667722.38,404850
202412,PI,146475693.74,103732
202412,RJ,726478717.34,514485
202412,RN,168256136.62,119155
202412,RS,372783902.76,264004
202412,RO,81353454.97,57614
202412,RR,36195387.12,25633
202412,SC,150693722.02,106719
202412,SP,1423046063.19,1007791
202412,SE,120063393.71,85027
202412,TO,73232357.53,51863
202412,Others,255581.82,181
202412,Total,8799563236.93,6231770
